{"NATURE_PARKS": -2.0815314568330505, "CONCERTS_SHOWS": -1.0540040791332066, "HISTORIC": -9.291810494711273, "AMUSEMENT_PARKS": 0.22469198576075133, "SHOPPING": 0.9463728332115129, "OUTDOOR_ACTIVITIES": 5, "MUSEUMS": 38.033572182705555, "SIGHTS_AND_LANDMARKS": 9.113354201055923, "COLD_OUTDOOR": 3.2115231664175576, "FOOD_DRINK": -0.32555944244536367, "ZOOS": 5.459810907712054}