{"MUSEUMS": 19.68780935137354, "ZOOS": 5, "CONCERTS_SHOWS": -0.5921893440540535, "SIGHTS_AND_LANDMARKS": 11.788683992903998, "FOOD_DRINK": 4.331788162351183}