{"MUSEUMS": 3.912761417866884, "LAND_OUTDOOR": 11.475035746327986, "NATURE_PARKS": -19.109447622940184, "GROUND_NATURE": 8.382586317887188, "SEA_NATURE": -10.39883816165254, "OUTDOOR_ACTIVITIES": 0, "SHOPPING": -0.44071049584935473, "SEA_OUTDOOR": -2.3908832847985466, "CONCERTS_SHOWS": 2.6610664187237814, "HISTORIC": -9.800331693866635, "FOOD_DRINK": 1.8862132953449031, "AMUSEMENT_PARKS": 3.3300166841204972, "CASINOS": 5.485289763911815, "TOURS": 4.504610824045952, "COLD_OUTDOOR": 7.057377818646109, "SIGHTS_AND_LANDMARKS": -6.327588290064728, "ZOOS": -0.5430997089028088}