{"MUSEUMS": 0.15791414400411607, "NATURE_PARKS": -12.17291481993741, "ZOOS": 2.4503724366143103, "CASINOS": 5, "AMUSEMENT_PARKS": 6.119816554034588, "CONCERTS_SHOWS": 6.191763380070287, "SIGHTS_AND_LANDMARKS": -2.8266282086002326, "COLD_OUTDOOR": 0.8964084660960051}